id,first_name,last_name,email,gender,address,phone_num
1,Bradan,Stancliffe,bstancliffe0@geocities.com,Male,8 Larry Parkway,8701529568
2,Harrison,Martonfi,hmartonfi1@hibu.com,Male,1290 Mandrake Way,2528549466
3,Amandie,Orgee,aorgee2@google.cn,Female,40 Florence Crossing,3508619709
4,Kennie,Ewebank,kewebank3@biglobe.ne.jp,Male,4231 Iowa Place,6004684077
5,Tadeas,Lathleiffure,tlathleiffure4@imgur.com,Male,47128 Merrick Lane,2218173720
6,Karee,Sweatland,ksweatland5@last.fm,Female,5232 Monterey Point,8961529976
7,Sallee,Cornborough,scornborough6@shareasale.com,Female,63 Spaight Place,3475925304
8,Julio,Djokovic,jdjokovic7@prnewswire.com,Male,46830 Forest Road,6556962193
9,Raeann,Ducker,rducker8@vkontakte.ru,Female,4 Northland Parkway,2276229485
10,Othilia,Howsley,ohowsley9@umich.edu,Female,1322 Sachs Alley,4168530766
11,Ole,Adelberg,oadelberga@linkedin.com,Male,328 Waubesa Park,7238768252
12,Alameda,Downage,adownageb@tripod.com,Female,5 Dell'adonna Lane,3472369911
13,Nert,Kiss,nkissc@businessinsider.com,Female,65224 Kings Drive,6261850788
14,Gerrie,Ikin,gikind@ihg.com,Male,490 Bellgrove Circle,3157366490
15,Erny,Lomis,elomise@alibaba.com,Male,71073 Roth Circle,7543590821
16,Maribelle,Behn,mbehnf@disqus.com,Female,51049 Roxbury Avenue,7371382091
17,Brenda,Wellen,bwelleng@t-online.de,Female,3 Loeprich Center,5539415929
18,Nikaniki,Pfeffer,npfefferh@sina.com.cn,Female,0 Eastwood Center,3949835680
19,Lief,Burleton,lburletoni@umich.edu,Male,72088 School Pass,3483878294
20,Vonnie,Meneer,vmeneerj@github.io,Female,33513 Stoughton Trail,9791142632
21,Archaimbaud,Pilch,apilchk@tiny.cc,Male,284 Mosinee Drive,3761316683
22,Lou,Grog,lgrogl@seesaa.net,Female,79113 Holy Cross Trail,8508375868
23,Mamie,Cobby,mcobbym@google.es,Female,4 Fallview Terrace,2027336705
24,Kristos,Clapperton,kclappertonn@issuu.com,Male,514 Sugar Crossing,8361131612
25,Gleda,Seery,gseeryo@fc2.com,Female,24802 Roxbury Street,5727897016
26,Vinny,Crennell,vcrennellp@google.pl,Female,04 Mallard Alley,4375065458
27,Richie,Grizard,rgrizardq@apache.org,Male,460 Badeau Circle,2599321359
28,Irma,Josephov,ijosephovr@i2i.jp,Female,844 Dunning Junction,5904141837
29,Myrtle,Gairdner,mgairdners@marriott.com,Female,3 Michigan Court,8244702894
30,Myrtie,Chicco,mchiccot@indiegogo.com,Female,14511 Waubesa Pass,1477637505
31,Kerk,Shotboult,kshotboultu@sourceforge.net,Male,8 Warner Terrace,9678895572
32,Gareth,MacGebenay,gmacgebenayv@pcworld.com,Male,49767 Canary Plaza,1681551699
33,Hoyt,Oleszcuk,holeszcukw@51.la,Male,1512 Amoth Court,4566278189
34,Ina,Honacker,ihonackerx@dell.com,Female,10271 Tennyson Hill,1584630685
35,Miner,Chippindale,mchippindaley@exblog.jp,Male,58583 Fieldstone Hill,7763631676
36,Giraud,Herrieven,gherrievenz@tiny.cc,Male,4742 Hallows Trail,1415671968
37,Anthony,Avent,aavent10@state.gov,Male,80 Marquette Circle,8744377066
38,Burlie,Koeppke,bkoeppke11@yandex.ru,Male,97835 Farwell Road,2556274547
39,Javier,Hollidge,jhollidge12@bandcamp.com,Male,0 Westridge Hill,5726331648
40,Luce,Toderini,ltoderini13@latimes.com,Female,141 Hudson Crossing,7563894057
41,Lorelle,Torres,ltorres14@wp.com,Female,2 Grover Place,5435249931
42,Cointon,Boulter,cboulter15@unblog.fr,Male,3850 Summer Ridge Street,5442146361
43,Sapphire,Sellman,ssellman16@people.com.cn,Female,10 Village Green Hill,3615446525
44,Georg,Dionisetto,gdionisetto17@examiner.com,Male,66512 David Place,7767407465
45,Glad,Hargate,ghargate18@studiopress.com,Female,66394 Carioca Terrace,7082767795
46,Marni,Haistwell,mhaistwell19@dyndns.org,Female,11 Green Circle,7965710471
47,Ganny,Micco,gmicco1a@tripadvisor.com,Male,4 Dixon Center,8309311502
48,Hayley,Hurdidge,hhurdidge1b@umich.edu,Female,367 Southridge Alley,7698327338
49,Torin,Pickover,tpickover1c@yellowbook.com,Male,74 Sage Road,1654898898
50,Darbee,Woolland,dwoolland1d@myspace.com,Male,33 John Wall Road,6178962450
