id,first_name,last_name,email,gender,address,phone_num
51,Anton,Aronsohn,aaronsohn1e@discuz.net,Male,318 Elgar Pass,7057793767
52,Clara,Lansdale,clansdale1f@alibaba.com,Female,130 Emmet Place,1107612527
53,Quintin,McInility,qmcinility1g@merriam-webster.com,Male,40 Autumn Leaf Way,1623497493
54,Beltran,Wittering,bwittering1h@dropbox.com,Male,5236 Pierstorff Street,9039778268
55,Michele,Hodjetts,mhodjetts1i@wufoo.com,Male,62288 Cody Court,8607719728
56,Renaud,Severy,rsevery1j@tiny.cc,Male,13785 Upham Crossing,5132733347
57,Douglas,Hankey,dhankey1k@toplist.cz,Male,50 Spenser Avenue,4849256074
58,Claire,Lamshead,clamshead1l@nifty.com,Male,1 Hooker Street,5092678766
59,Hedi,Fadden,hfadden1m@acquirethisname.com,Female,87 Rockefeller Avenue,1433450176
60,Jordana,Barsham,jbarsham1n@nature.com,Female,09 Independence Crossing,6709921921
61,Ev,McMurty,emcmurty1o@youtube.com,Male,01 Pierstorff Hill,9086916306
62,Lucias,Ethridge,lethridge1p@fda.gov,Male,35281 Reindahl Drive,6145899486
63,Inessa,O'Curran,iocurran1q@foxnews.com,Female,73484 Elmside Road,5514674289
64,Stern,Pratty,spratty1r@exblog.jp,Male,13821 Glendale Hill,7819567451
65,Dunstan,Gheeraert,dgheeraert1s@columbia.edu,Male,9396 Crescent Oaks Lane,9787899986
66,Shae,Sollis,ssollis1t@ucsd.edu,Female,9 Arkansas Junction,4819337388
67,Vanni,MacGoun,vmacgoun1u@netvibes.com,Female,3129 Moose Junction,9521125694
68,Sidonnie,Bertomier,sbertomier1v@diigo.com,Female,185 Main Alley,4972849920
69,Dolley,Sissons,dsissons1w@dailymail.co.uk,Female,1212 Oxford Street,3519827864
70,Meghann,Van Der Vlies,mvandervlies1x@va.gov,Female,15 Blue Bill Park Court,3896818950
71,Abdul,Lyddy,alyddy1y@over-blog.com,Male,6071 Dryden Alley,7711240597
72,Keri,Obington,kobington1z@dedecms.com,Female,4851 Granby Pass,9493110189
73,Heidie,Teek,hteek20@businesswire.com,Female,61 Cambridge Way,6769287896
74,Carolin,Hardey,chardey21@shutterfly.com,Female,36697 Pennsylvania Crossing,6864191101
75,Ollie,Lougheid,olougheid22@mayoclinic.com,Male,53 Westend Terrace,7676290064
76,Sidney,Manuely,smanuely23@desdev.cn,Male,46 Nancy Center,3835523149
77,Parsifal,Collelton,pcollelton24@pinterest.com,Male,7275 Warrior Junction,3551195956
78,Langston,Brigden,lbrigden25@tripadvisor.com,Male,3413 Lindbergh Hill,8535290896
79,Daven,Cuttelar,dcuttelar26@dyndns.org,Male,8 Cordelia Center,9892793413
80,Gregory,Silkston,gsilkston27@ehow.com,Male,4292 Green Hill,3173924544
81,Kiersten,Lob,klob28@unesco.org,Female,22832 School Circle,4623487417
82,Koenraad,Hadlee,khadlee29@feedburner.com,Male,2 Washington Junction,1838823777
83,Rene,Neal,rneal2a@homestead.com,Male,50 Killdeer Alley,2564780714
84,Vivia,Smolan,vsmolan2b@economist.com,Female,80 La Follette Park,2176099341
85,Elli,Camerati,ecamerati2c@nationalgeographic.com,Female,84592 Valley Edge Circle,9318496735
86,Cordell,Minghella,cminghella2d@etsy.com,Male,5 Roth Road,3318758587
87,Roselin,Orteau,rorteau2e@ebay.co.uk,Female,9591 Walton Center,7273126207
88,Dallas,Goneau,dgoneau2f@google.es,Male,45149 Buena Vista Hill,1054500282
89,Tanya,Voaden,tvoaden2g@engadget.com,Female,71 La Follette Junction,6812815913
90,Sanderson,Bidder,sbidder2h@alexa.com,Male,213 Sundown Point,1398357202
91,Riane,Surman-Wells,rsurmanwells2i@hostgator.com,Female,8 Pine View Terrace,2044838441
92,Atalanta,Georger,ageorger2j@netlog.com,Female,550 Warrior Lane,6155905557
93,Karrah,McCollum,kmccollum2k@smh.com.au,Female,890 Vermont Road,6142213470
94,Aeriel,Hanley,ahanley2l@rediff.com,Female,4 Vahlen Hill,3183907702
95,Tersina,Bow,tbow2m@xrea.com,Female,566 Crescent Oaks Drive,7456417663
96,Bat,Gear,bgear2n@hexun.com,Male,75471 Delaware Terrace,4526068655
97,Flem,Haycraft,fhaycraft2o@example.com,Male,89399 Claremont Drive,5387056276
98,Essie,Tweed,etweed2p@usnews.com,Female,9173 Lakewood Junction,1384393629
99,Trefor,Stapleford,tstapleford2q@amazon.co.uk,Male,4370 Corscot Point,1472235692
100,Farleigh,Walczynski,fwalczynski2r@buzzfeed.com,Male,49 Starling Way,5856093331
